<?xml version="1.0" encoding="UTF-8"?>

<namespace xmlns="http://www.mulesoft.org/schema/mule/tooling.attributes" xmlns:mule="http://www.mulesoft.org/schema/mule/core" prefix="gmail" url="http://www.mulesoft.org/schema/mule/gmail">
  <global-cloud-connector extends="http://www.mulesoft.org/schema/mule/gmail/abstractGmailConnectorGeneric" abstract="true" image="" localId="parentConfig" icon="" description="" caption="GMail Connector"></global-cloud-connector>
  <global-cloud-connector extends="http://www.mulesoft.org/schema/mule/gmail/parentConfig" abstract="false" image="icons/large/gmail-connector-48x32.png" localId="config-with-oauth" icon="icons/small/gmail-connector-24x16.png" description="Global GMail Connector configuration information." caption="GMail Connector">
    <attribute-category description="Gmail configuration properties." caption="General">
      <group caption="Generic" id="gmailGenericProperties">
        <name required="true" description="Give a name to this configuration so it can be later referenced by config-ref." caption="Name" name="name"></name>
      </group>
      <group caption="General" id="general">
        <string defaultValue="Mule-GmailConnector/1.0" javaType="java.lang.String" required="false" description="Application name registered on Google API console." caption="Application Name" name="applicationName"></string>
        <string javaType="java.lang.String" required="true" description="The OAuth2 consumer key." caption="Consumer Key" name="consumerKey"></string>
        <string javaType="java.lang.String" required="true" description="The OAuth2 consumer secret." caption="Consumer Secret" name="consumerSecret"></string>
        <string defaultValue="https://www.googleapis.com/auth/userinfo.profile https://mail.google.com/" javaType="java.lang.String" required="false" description="The OAuth scopes you want to request." caption="Scope" name="scope"></string>
      </group>
    </attribute-category>
    <attribute-category description="OAuth." caption="Oauth">
      <group caption="Oauth Callback Config" id="oauthCallbackConfigGroup">
        <childElement inplace="true" description="" caption="" name="http://www.mulesoft.org/schema/mule/gmail/oauth-callback-config"></childElement>
      </group>
      <group caption="Oauth Object Store Config" id="oauthStoreConfigGroup">
        <childElement inplace="true" description="" caption="" name="http://www.mulesoft.org/schema/mule/gmail/oauth-store-config"></childElement>
      </group>
    </attribute-category>
  </global-cloud-connector>
  <cloud-connector abstract="true" image="icons/large/gmail-connector-48x32.png" localId="abstractGmailConnectorGeneric" icon="icons/small/gmail-connector-24x16.png" description="Interact with Gmail." caption="Abstractgmailconnectorgeneric">
    <attribute-category description="General." caption="General">
      <group caption="Generic" id="abstractGmailConnectorGeneric">
        <globalRef requiredType="http://www.mulesoft.org/schema/mule/gmail/config-with-oauth" required="true" description="Specify which configuration to use for this invocation." caption="Config Reference" name="config-ref"></globalRef>
      </group>
    </attribute-category>
  </cloud-connector>
  <cloud-connector extends="http://www.mulesoft.org/schema/mule/gmail/abstractGmailConnectorGeneric" image="icons/large/gmail-connector-48x32.png" localId="gmail-connector" icon="icons/small/gmail-connector-24x16.png" description="Google Calendars Cloud connector.
This connector covers almost all the Google Calendar API v3 using OAuth2 for authentication." caption="GMail Connector" aliasId="org.mule.tooling.ui.modules.core.pattern.gmail">
    <attribute-category description="General." caption="General">
      <group caption="Generic" id="gmailConnectorGeneric">
        <modeSwitch description="Operation." caption="Operation" name="Gmail operations to execute">
          <mode modeLabel="Authorize" modeId="http://www.mulesoft.org/schema/mule/gmail/authorize"></mode>
          <mode modeLabel="Advanced search" modeId="http://www.mulesoft.org/schema/mule/gmail/advanced-search"></mode>
          <mode modeLabel="Search" modeId="http://www.mulesoft.org/schema/mule/gmail/search"></mode>
        </modeSwitch>
      </group>
    </attribute-category>
  </cloud-connector>
  <cloud-connector returnType="java.util.List&lt;com.google.code.com.sun.mail.imap.IMAPMessage&gt;" extends="http://www.mulesoft.org/schema/mule/gmail/abstractGmailConnectorGeneric" abstract="true" image="icons/large/gmail-connector-48x32.png" localId="advanced-search" icon="icons/small/gmail-connector-24x16.png" caption="Advanced Search">
    <attribute-category description="General." caption="General">
      <group caption="General" id="general">
        <string javaType="java.lang.String" required="true" description="The account's username." caption="Username" name="username"></string>
        <string javaType="com.google.code.javax.mail.search.SearchTerm" required="true" description="An instance of . If not provided, then no filtering criteria is applied." caption="Search Term Reference" name="searchTerm-ref"></string>
        <enum allowsCustom="true" javaType="org.mule.module.gmail.model.GmailFolder" required="true" supportsExpressions="true" description="The folder in which to search. If you want all of them then use ALL_MAIL." caption="Folder" name="folder">
          <option value="ALL_MAIL"></option>
          <option value="DRAFTS"></option>
          <option value="IMPORTANT"></option>
          <option value="INBOX"></option>
          <option value="SENT"></option>
          <option value="SPAM"></option>
          <option value="STARRED"></option>
          <option value="TRASH"></option>
        </enum>
        <boolean defaultValue="false" javaType="java.lang.Boolean" required="false" supportsExpressions="true" description="If true, all read messages will be deleted upon operation completion." caption="Expunge" name="expunge"></boolean>
      </group>
    </attribute-category>
  </cloud-connector>
  <cloud-connector extends="http://www.mulesoft.org/schema/mule/gmail/abstractGmailConnectorGeneric" abstract="true" image="icons/large/gmail-connector-48x32.png" localId="authorize" icon="icons/small/gmail-connector-24x16.png" caption="Authorize">
    <attribute-category description="General." caption="General">
      <group caption="Additional Authorization Parameters">
        <enum allowsCustom="true" javaType="org.mule.modules.google.AccessType" required="false" supportsExpressions="true" description="Access_type." caption="Access_type" name="access_type">
          <option value="offline"></option>
          <option value="online"></option>
        </enum>
        <enum allowsCustom="true" javaType="org.mule.modules.google.ForcePrompt" required="false" supportsExpressions="true" description="Force_prompt." caption="Force_prompt" name="force_prompt">
          <option value="auto"></option>
          <option value="force"></option>
        </enum>
      </group>
    </attribute-category>
  </cloud-connector>
  <cloud-connector returnType="java.util.List&lt;com.google.code.com.sun.mail.imap.IMAPMessage&gt;" extends="http://www.mulesoft.org/schema/mule/gmail/abstractGmailConnectorGeneric" abstract="true" image="icons/large/gmail-connector-48x32.png" localId="search" icon="icons/small/gmail-connector-24x16.png" caption="Search">
    <attribute-category description="General." caption="General">
      <group caption="General" id="general">
        <string defaultValue="yyyy-MM-dd'T'HH:mm:ss'Z'" javaType="java.lang.String" required="false" description="The format to be used to parse the date attributes. If no dateFormat is specified, then RFC3339 is assumed." caption="Date Format" name="dateFormat"></string>
        <string defaultValue="" javaType="java.lang.String" required="false" description="Used to fetch one given message by id." caption="Message Id" name="messageId"></string>
        <string defaultValue="" javaType="java.lang.String" required="false" description="A date in the specified string format giving an upper bound filter to the received date. If no dateFormat is specified, then RFC3339 is assumed." caption="Received After" name="receivedAfter"></string>
        <string defaultValue="" javaType="java.lang.String" required="false" description="A date in the specified string format giving a lower bound filter to the received date. If no dateFormat is specified, then RFC3339 is assumed." caption="Received Before" name="receivedBefore"></string>
        <string defaultValue="" javaType="java.lang.String" required="false" description="A date in the specified string format giving an upper bound filter to the sent date. If no dateFormat is specified, then RFC3339 is assumed." caption="Sent After" name="sentAfter"></string>
        <string defaultValue="" javaType="java.lang.String" required="false" description="A date in the specified string format giving a lower bound filter to the sent date. If no dateFormat is specified, then RFC3339 is assumed." caption="Sent Before" name="sentBefore"></string>
        <string defaultValue="" javaType="java.lang.String" required="false" description="The id of the thread for which the message should belong." caption="Thread Id" name="threadId"></string>
        <string javaType="java.lang.String" required="true" description="The account's username." caption="Username" name="username"></string>
        <integer step="1" min="0" javaType="java.lang.Integer" required="false" description="Used to look for the message with the specified number." caption="Message Number" name="messageNumber"></integer>
        <childElement allowMultiple="false" inplace="true" javaType="org.mule.module.gmail.search.SearchCriteria" required="false" caption="Size Reference" name="http://www.mulesoft.org/schema/mule/gmail/size"></childElement>
        <enum allowsCustom="true" javaType="org.mule.module.gmail.model.GmailFolder" required="true" supportsExpressions="true" description="The folder in which to search. If you want all of them then use ALL_MAIL." caption="Folder" name="folder">
          <option value="ALL_MAIL"></option>
          <option value="DRAFTS"></option>
          <option value="IMPORTANT"></option>
          <option value="INBOX"></option>
          <option value="SENT"></option>
          <option value="SPAM"></option>
          <option value="STARRED"></option>
          <option value="TRASH"></option>
        </enum>
        <boolean defaultValue="false" javaType="java.lang.Boolean" required="false" supportsExpressions="true" description="If true, all read messages will be deleted upon operation completion." caption="Expunge" name="expunge"></boolean>
        <string-list listName="body-terms" itemName="body-term" localName="search-body-terms" javaType="java.util.List&lt;java.lang.String&gt;" description="A list of Strings which represent the body terms that the messages need to have. This is an OR operation logic. All messages with any one of these terms will be returned." caption="Body Terms"></string-list>
        <string-list listName="flags" itemName="flag" localName="search-flags" javaType="java.util.List&lt;org.mule.module.gmail.search.FlagCriteria&gt;" description="A list of  to specify flag values that the messages should have." caption="Flags"></string-list>
        <string-list listName="from-addresses" itemName="from-address" localName="search-from-addresses" javaType="java.util.List&lt;java.lang.String&gt;" description="A list of addresses to be found in the from attribute. This is an OR operation logic. All messages with any one of these addresses will be returned." caption="From Addresses"></string-list>
        <string-list listName="header-terms" itemName="header-term" localName="search-header-terms" javaType="java.util.List&lt;java.lang.String&gt;" description="A list of Strings which represent the header terms that the messages need to have. This is an OR operation logic. All messages with any one of these terms will be returned." caption="Header Terms"></string-list>
        <string-list listName="labels" itemName="label" localName="search-labels" javaType="java.util.List&lt;java.lang.String&gt;" description="A list of Strings which represent the labels that the messages need to have. This is an OR operation logic. All messages with any one of these labels will be returned." caption="Labels"></string-list>
        <string-list listName="raw-search-terms" itemName="raw-search-term" localName="search-raw-search-terms" javaType="java.util.List&lt;java.lang.String&gt;" description="A list of Strings which represent terms that the message should have. This is an OR operation logic. All messages with any one of these terms will be returned." caption="Raw Search Terms"></string-list>
        <string-list listName="subject-terms" itemName="subject-term" localName="search-subject-terms" javaType="java.util.List&lt;java.lang.String&gt;" description="A list of Strings which represent the subject terms that the messages need to have. This is an OR operation logic. All messages with any one of these terms will be returned." caption="Subject Terms"></string-list>
        <string-list listName="to-addresses" itemName="to-address" localName="search-to-addresses" javaType="java.util.List&lt;java.lang.String&gt;" description="A list of addresses to be found in the to attribute. This is an OR operation logic. All messages with any one of these addresses will be returned." caption="To Addresses"></string-list>
      </group>
    </attribute-category>
  </cloud-connector>
  <nested abstract="true" localId="oauth-callback-config" description="" caption="">
    <string description="The domain name to use when setting up the callback endpoint." caption="Domain" name="domain"></string>
    <string description="The local port to use when setting up the callback endpoint." caption="Local Port" name="localPort"></string>
    <string description="The remote port is the port used to build the external callback URL." caption="Remote Port" name="remotePort"></string>
    <string description="The path to use when setting up the callback endpoint." caption="Path" name="path"></string>
    <boolean fillLine="true" description="Async." caption="Async" name="false"></boolean>
  </nested>
  <nested abstract="true" localId="oauth-store-config" description="Configuration element for storage of access tokens" caption="">
    <string description="Object store reference." caption="Object Store Reference" name="objectStore-ref"></string>
  </nested>
  <nested xmlname="size" abstract="false" localId="size" description="" caption="">
    <string description="" caption="Size Reference" name="ref"></string>
  </nested>
</namespace>