<?xml version='1.0' encoding='UTF-8'?>
<?artifactRepository version='1.1.0'?>
<repository name='file:/Users/marianogonzalez/Documents/source/google-connectors/gmail-connector/target/update-site/ - artifacts' type='org.eclipse.equinox.p2.artifact.repository.simpleRepository' version='1'>
  <properties size='2'>
    <property name='p2.timestamp' value='1352495767354'/>
    <property name='p2.compressed' value='false'/>
  </properties>
  <mappings size='3'>
    <rule filter='(&amp; (classifier=osgi.bundle))' output='${repoUrl}/plugins/${id}_${version}.jar'/>
    <rule filter='(&amp; (classifier=binary))' output='${repoUrl}/binary/${id}_${version}'/>
    <rule filter='(&amp; (classifier=org.eclipse.update.feature))' output='${repoUrl}/features/${id}_${version}.jar'/>
  </mappings>
  <artifacts size='2'>
    <artifact classifier='org.eclipse.update.feature' id='org.mule.tooling.ui.extension.gmail' version='1.0.3.201211091815'>
      <properties size='4'>
        <property name='artifact.size' value='9882'/>
        <property name='download.size' value='9882'/>
        <property name='download.md5' value='e8306091debc422ae4e5ad0e0e5eba52'/>
        <property name='download.contentType' value='application/zip'/>
      </properties>
    </artifact>
    <artifact classifier='osgi.bundle' id='org.mule.tooling.ui.contribution.gmail' version='1.0.0.201211091815'>
      <properties size='3'>
        <property name='artifact.size' value='5111142'/>
        <property name='download.size' value='5111142'/>
        <property name='download.md5' value='b27052ebb46d760e1df766af1351a320'/>
      </properties>
    </artifact>
  </artifacts>
</repository>
